{
    "FaceDetails": [
        {
            "BoundingBox": {
                "Width": 0.5708743929862976,
                "Height": 0.5570005774497986,
                "Left": 0.1596132069826126,
                "Top": 0.12273576855659485
            },
            "Landmarks": [
                {
                    "Type": "eyeLeft",
                    "X": 0.32058924436569214,
                    "Y": 0.31751614809036255
                },
                {
                    "Type": "eyeRight",
                    "X": 0.5801161527633667,
                    "Y": 0.32423436641693115
                },
                {
                    "Type": "mouthLeft",
                    "X": 0.3415493667125702,
                    "Y": 0.5226084589958191
                },
                {
                    "Type": "mouthRight",
                    "X": 0.5581493973731995,
                    "Y": 0.5281477570533752
                },
                {
                    "Type": "nose",
                    "X": 0.45922377705574036,
                    "Y": 0.41586336493492126
                }
            ],
            "Pose": {
                "Roll": 0.94460129737854,
                "Yaw": 2.00952410697937,
                "Pitch": 12.000101089477539
            },
            "Quality": {
                "Brightness": 85.1591796875,
                "Sharpness": 97.45164489746094
            },
            "Confidence": 99.99938201904297
        }
    ]
}
